failure_description,failure_category,root_cause,action_plan
Control panel indicator lights flickering,Electrical,Faulty 24V DC power supply unit,Replace the power supply unit and check for wiring shorts
Electric motor running on two phases,Electrical,One phase lost due to a loose terminal in the MCC,Clean and tighten the terminal connections in the MCC
Control signal fluctuation (4-20mA),Electrical,Signal wire insulation damaged and touching the conduit,Identify the damaged wire section and replace it
Transformer humming louder than normal,Electrical,Loose core laminations due to age and thermal cycling,Perform a dissolved gas analysis (DGA) and plan for core tightening
Burned contacts on main contactor,Electrical,Frequent cycling of the motor beyond design limits,Install a VFD to reduce the number of start/stop cycles
Burned out heating element in oven 3,Electrical,Resistive heating wire thinning due to oxidation over time,Replace heating elements and inspect the contactor for arcing
Temperature transmitter reading 'Off Scale High',Electrical,Open circuit in the RTD sensor or wiring,Check the RTD for continuity and replace if the circuit is open
Intermittent failure of an infrared sensor,Electrical,Ambient light interference from a nearby window,Install an optical filter or shield the sensor from direct sunlight
Arcing in a high-voltage switchgear,Electrical,Partial discharge due to dust and moisture on insulators,Perform a professional cleaning and an ultrasonic discharge test
Control signal fluctuation (4-20mA),Electrical,Signal wire insulation damaged and touching the conduit,Identify the damaged wire section and replace it
Inverter drive faulting on overcurrent,Electrical,Motor insulation breakdown causing intermittent grounding,Perform insulation resistance test and replace motor if needed
Variable Frequency Drive (VFD) overheating,Electrical,Clogged cooling intake filter on the cabinet,Clean cabinet filters and ensure proper airflow in the room
Proximity sensor failing to detect targets,Electrical,Sensor head covered in metallic dust,Clean the sensor head and install a protective shield
Burnt out solenoid valve coil,Electrical,Voltage surge from a nearby lightning strike,Replace the coil and install a surge suppressor
Intermittent power loss in Office Block A,Electrical,Corroded main busbar connections,Clean busbars and apply anti-corrosion paste to joints
Random tripping of Circuit Breaker CB-04,Electrical,Loose connection at the terminal lug causing localized overheating,Tighten all terminal connections and perform thermal imaging inspection
Electric motor running on two phases,Electrical,One phase lost due to a loose terminal in the MCC,Clean and tighten the terminal connections in the MCC
Indicator lamp not working on the panel,Electrical,Blown incandescent bulb,Replace the bulb with a long-life LED version
Exhaust fan motor running backwards,Electrical,Phase reversal during recent electrical maintenance,Swap two phases at the motor terminal to correct the rotation
Intermittent power loss in Office Block A,Electrical,Corroded main busbar connections,Clean busbars and apply anti-corrosion paste to joints
Intermittent PLC communication error,Electrical,EMI noise on the communication cable from a VFD,Use a shielded communication cable and route it away from power lines
Intermittent signal loss from flow meter FM-201,Electrical,Corroded terminal connections in the junction box,Clean terminals and apply dielectric grease to prevent oxidation
Ground fault on a heat-tracing cable,Electrical,Cable damaged by physical impact during maintenance,Identify the fault location and repair using a splice kit
Control signal fluctuation (4-20mA),Electrical,Signal wire insulation damaged and touching the conduit,Identify the damaged wire section and replace it
Power factor correction capacitor failure,Electrical,Overheating due to harmonic distortion in the network,Install harmonic filters and replace damaged capacitors
Electric motor running hot,Electrical,Cooling fan shroud blocked by debris,Clear obstructions from the fan shroud and clean motor fins
Electric motor running hot,Electrical,Cooling fan shroud blocked by debris,Clear obstructions from the fan shroud and clean motor fins
Control cabinet overheating,Electrical,Cabinet cooling fan filter clogged with lint,Clean or replace the fan filter and check the thermostat
Intermittent power loss in Office Block A,Electrical,Corroded main busbar connections,Clean busbars and apply anti-corrosion paste to joints
Proximity sensor failing to detect targets,Electrical,Sensor head covered in metallic dust,Clean the sensor head and install a protective shield
Corroded busbars in an outdoor MCC,Electrical,Moisture ingress and lack of space heaters,Install cabinet space heaters and apply a protective coating to the busbars
Generator fail to start on auto-mode,Electrical,Dead starter battery due to faulty trickle charger,Replace battery and repair the charging circuit
Short circuit in outdoor junction box,Electrical,Water ingress through a degraded cable gland,Replace cable glands with IP68 rated versions and reseal the box
Lubrication pump motor burnout,Electrical,Phase imbalance in the power supply over 5%,Perform load balancing on the electrical distribution board
Temperature transmitter reading 'Off Scale High',Electrical,Open circuit in the RTD sensor or wiring,Check the RTD for continuity and replace if the circuit is open
Panel meter reading zero for voltage,Electrical,Blown potential transformer (PT) fuse,Replace the PT fuse and check for downstream shorts
Proximity sensor failing to detect targets,Electrical,Sensor head covered in metallic dust,Clean the sensor head and install a protective shield
Variable Frequency Drive (VFD) overheating,Electrical,Clogged cooling intake filter on the cabinet,Clean cabinet filters and ensure proper airflow in the room
Transformer oil leak at cooling fins,Electrical,Gasket embrittlement due to prolonged exposure to UV and heat,Replace gaskets with UV-resistant silicone material
Transformer humming louder than normal,Electrical,Loose core laminations due to age and thermal cycling,Perform a dissolved gas analysis (DGA) and plan for core tightening
PLC output module failing frequently,Electrical,Inductive kickback from a DC solenoid without a diode,Install a flyback diode across the solenoid coil
Valve V-12 failed to open upon remote command,Electrical,Solenoid coil burned out due to sustained overvoltage,"Replace solenoid, install surge protector, and check upstream voltage regulator"
Arcing in a high-voltage switchgear,Electrical,Partial discharge due to dust and moisture on insulators,Perform a professional cleaning and an ultrasonic discharge test
Intermittent power loss in Office Block A,Electrical,Corroded main busbar connections,Clean busbars and apply anti-corrosion paste to joints
Exhaust fan motor running backwards,Electrical,Phase reversal during recent electrical maintenance,Swap two phases at the motor terminal to correct the rotation
Intermittent failure of an infrared sensor,Electrical,Ambient light interference from a nearby window,Install an optical filter or shield the sensor from direct sunlight
PLC CPU went into STOP mode unexpectedly,Electrical,Internal power supply fluctuation caused by a failing capacitor,Replace PLC power supply module and install a dedicated UPS
Sudden motor stop on ventilation fan,Electrical,Blown fuse caused by a temporary phase-to-phase short,Replace fuse and inspect the motor junction box for moisture
Intermittent power loss in Office Block A,Electrical,Corroded main busbar connections,Clean busbars and apply anti-corrosion paste to joints
Erratic readings from pressure transmitter PT-40,Electrical,Ground loop interference from shared power supply,Install a signal isolator and ensure single-point grounding
Burnt out solenoid valve coil,Electrical,Voltage surge from a nearby lightning strike,Replace the coil and install a surge suppressor
Exhaust fan motor running backwards,Electrical,Phase reversal during recent electrical maintenance,Swap two phases at the motor terminal to correct the rotation
Control signal fluctuation (4-20mA),Electrical,Signal wire insulation damaged and touching the conduit,Identify the damaged wire section and replace it
Erratic readings from pressure transmitter PT-40,Electrical,Ground loop interference from shared power supply,Install a signal isolator and ensure single-point grounding
Power factor correction capacitor failure,Electrical,Overheating due to harmonic distortion in the network,Install harmonic filters and replace damaged capacitors
Firewall blocking legitimate traffic,IT Infrastructure,Misconfigured rule after recent security update,Review and adjust firewall rules to allow necessary ports
SQL Server service unable to start,IT Infrastructure,Service account password has expired,Update the service account password and set it to never expire
Email server delay in delivering notifications,IT Infrastructure,Mail queue backlog due to spam filter processing,Optimize spam filter settings and increase server resources
Fire alarm system false triggers,IT Infrastructure,Dust accumulation in smoke detector chambers,Clean smoke detectors and implement a quarterly testing schedule
Unable to access the network file share,IT Infrastructure,Permissions were changed during a security audit,Restore the correct NTFS and Share permissions
Backup job failing with 'Media Not Found',IT Infrastructure,Tape drive failure or dirty read/write heads,Clean the tape drive heads or replace the drive unit
Active Directory user lockout issues,IT Infrastructure,Automated script using an old password,Identify the script source and update the stored credentials
ERP system sync error with production data,IT Infrastructure,API timeout due to high server load,Optimize database queries and increase API timeout limit
Slow file transfer between departments,IT Infrastructure,Old Cat5 cabling limitating speeds to 100Mbps,Upgrade office cabling to Cat6 for Gigabit speeds
Software lag in HMI control panel,IT Infrastructure,Memory leak in custom monitoring script v1.2,Debug script memory allocation and update HMI software to v1.3
Network latency spikes in the manufacturing VLAN,IT Infrastructure,Broadcast storm caused by a faulty network switch,Identify and replace the faulty switch and enable storm control
Web server slow response time,IT Infrastructure,DDoS attack from external botnet,Enable rate limiting and integrate a Cloudflare-like protection
Data corruption in the historian database,IT Infrastructure,Unscheduled server shutdown during a write operation,Perform a database repair and ensure the UPS is functional
Slow file transfer between departments,IT Infrastructure,Old Cat5 cabling limitating speeds to 100Mbps,Upgrade office cabling to Cat6 for Gigabit speeds
SSL certificate expiration error,IT Infrastructure,Certificate was not renewed before the deadline,Renew the SSL certificate and set up automated reminders
Fire alarm system false triggers,IT Infrastructure,Dust accumulation in smoke detector chambers,Clean smoke detectors and implement a quarterly testing schedule
Network switch port flapping in control room,IT Infrastructure,Defective SFP module causing intermittent signal loss,Replace SFP module and test fiber optic cable attenuation
ERP system sync error with production data,IT Infrastructure,API timeout due to high server load,Optimize database queries and increase API timeout limit
Software lag in HMI control panel,IT Infrastructure,Memory leak in custom monitoring script v1.2,Debug script memory allocation and update HMI software to v1.3
Historian server disk space low,IT Infrastructure,Automatic compression of old data is not working,Enable data compression and move old files to a NAS
Unused user accounts still active,IT Infrastructure,Lack of offboarding process for former employees,Implement an automated account deactivation workflow
Data loss in SCADA historian database,IT Infrastructure,Hard drive failure in RAID array without hot spare,Replace hard drive and configure a hot spare in the RAID controller
DNS resolution failing for internal sites,IT Infrastructure,Primary DNS server service is unresponsive,Restart the DNS service and check the secondary server sync
Fire alarm system false triggers,IT Infrastructure,Dust accumulation in smoke detector chambers,Clean smoke detectors and implement a quarterly testing schedule
HMI screen has permanent 'burn-in' images,IT Infrastructure,Screen left on the same static page for too long,Replace the HMI and configure a screen saver or auto-dim
Printer unable to connect to the print server,IT Infrastructure,Stale IP reservation in the DHCP server,Release and renew the IP address or update the static reservation
Web server returning 502 Bad Gateway,IT Infrastructure,Backend application service has crashed,Restart the application service and check for memory leaks
Database backup failing daily,IT Infrastructure,Insufficient disk space on the backup server,Increase storage capacity and implement a data retention policy
HMI screen has permanent 'burn-in' images,IT Infrastructure,Screen left on the same static page for too long,Replace the HMI and configure a screen saver or auto-dim
Web server slow response time,IT Infrastructure,DDoS attack from external botnet,Enable rate limiting and integrate a Cloudflare-like protection
Web server returning 502 Bad Gateway,IT Infrastructure,Backend application service has crashed,Restart the application service and check for memory leaks
Web server slow response time,IT Infrastructure,DDoS attack from external botnet,Enable rate limiting and integrate a Cloudflare-like protection
Application crash on operator workstation,IT Infrastructure,Corrupted graphics driver after an unverified OS update,Roll back graphics driver and disable automatic OS updates on critical units
Network switch port flapping in control room,IT Infrastructure,Defective SFP module causing intermittent signal loss,Replace SFP module and test fiber optic cable attenuation
Server RAID array reported multiple disk failures,IT Infrastructure,Backplane vibration from nearby heavy machinery,Install vibration isolation mounts for the server rack and replace disks
Remote desktop connection failing,IT Infrastructure,Firewall rule blocking port 3389,Allow port 3389 in the Windows firewall and the network gateway
Incorrect data on the production dashboard,IT Infrastructure,OPC server lost connection to the field PLC,Restart the OPC service and verify the network path
Data loss in SCADA historian database,IT Infrastructure,Hard drive failure in RAID array without hot spare,Replace hard drive and configure a hot spare in the RAID controller
Active Directory user lockout issues,IT Infrastructure,Automated script using an old password,Identify the script source and update the stored credentials
ERP system sync error with production data,IT Infrastructure,API timeout due to high server load,Optimize database queries and increase API timeout limit
Software lag in HMI control panel,IT Infrastructure,Memory leak in custom monitoring script v1.2,Debug script memory allocation and update HMI software to v1.3
Remote desktop connection failing,IT Infrastructure,Firewall rule blocking port 3389,Allow port 3389 in the Windows firewall and the network gateway
Slow application performance for remote users,IT Infrastructure,High latency on the VPN tunnel,Optimize the VPN encryption settings or use a split-tunneling policy
Firewall blocking legitimate traffic,IT Infrastructure,Misconfigured rule after recent security update,Review and adjust firewall rules to allow necessary ports
Fire alarm system false triggers,IT Infrastructure,Dust accumulation in smoke detector chambers,Clean smoke detectors and implement a quarterly testing schedule
SCADA system unable to store historical data,IT Infrastructure,Log file reached the maximum size limit of 2GB,Archive old logs and configure circular logging with larger file limits
Web server returning 502 Bad Gateway,IT Infrastructure,Backend application service has crashed,Restart the application service and check for memory leaks
Incorrect data on the production dashboard,IT Infrastructure,OPC server lost connection to the field PLC,Restart the OPC service and verify the network path
Server rack overheating during high traffic periods,IT Infrastructure,Air intake filter clogged with dust reducing airflow by 60%,Clean all filters monthly and install a high-temperature alarm threshold at 75°C
SQL Server service unable to start,IT Infrastructure,Service account password has expired,Update the service account password and set it to never expire
Backup job failing with 'Media Not Found',IT Infrastructure,Tape drive failure or dirty read/write heads,Clean the tape drive heads or replace the drive unit
Loss of communication with remote I/O,IT Infrastructure,Damaged underground communication cable,Replace damaged cable section and install in a protective conduit
Operator unable to log into the SCADA system,IT Infrastructure,User account was locked after too many failed attempts,Unlock the account and verify the user's password
Web server slow response time,IT Infrastructure,DDoS attack from external botnet,Enable rate limiting and integrate a Cloudflare-like protection
DNS resolution failing for internal sites,IT Infrastructure,Primary DNS server service is unresponsive,Restart the DNS service and check the secondary server sync
Grinding noise from ball mill trunnion,Maintenance,Lack of grease in the automatic lubrication system,Refill grease reservoir and check for blocked distribution lines
Electric motor noise on compressor C-12,Maintenance,Lack of grease in the non-drive end bearing,Implement an ultrasonic-assisted lubrication program
Corrosion on structural support of Tank B,Maintenance,Protective coating failure due to acidic environment,Sandblast support and apply high-performance epoxy coating
Oil leakage from a distribution transformer,Maintenance,Gasket failure on the high-voltage bushing,Replace bushing gaskets and top up the insulating oil
Hydraulic power unit (HPU) noise,Maintenance,Pump cavitation due to low oil level,Top up hydraulic oil and check for leaks
Steam pipe hammering during startup,Maintenance,Condensate accumulation due to a blocked steam trap,Clear the steam trap and revise the startup SOP for manual draining
Lubricant foaming in gearbox,Maintenance,Water ingress into the oil system,Identify source of water entry and change the oil
Oil mist coming from vacuum pump exhaust,Maintenance,Exhaust filter element is saturated,Replace the exhaust filter and check the oil return line
Oil mist detected around generator enclosure,Maintenance,Clogged crankcase breather filter,Replace breather filter and inspect for piston ring wear
Grease nipple blocked on motor bearing,Maintenance,Contamination of grease with hard particles,Replace grease nipple and use a dust cap
Leaking seal on a rotary lobe pump,Maintenance,Abrasive particles in the fluid damaging the seal faces,"Replace the seal and install a hard-face material (e.g., Tungsten Carbide)"
Belt conveyor slippage on drive pulley,Maintenance,Worn pulley lagging reducing friction,Replace pulley lagging and check belt tension
Slow air leak from a pneumatic fitting,Maintenance,Damaged thread on the fitting,Replace the fitting and use a high-quality thread tape
Loud grinding noise from conveyor pulley,Maintenance,Seized bearing caused by contamination with grit,Replace bearing and install a heavy-duty taconite seal
Belt conveyor slippage on drive pulley,Maintenance,Worn pulley lagging reducing friction,Replace pulley lagging and check belt tension
Lubricant foaming in gearbox,Maintenance,Water ingress into the oil system,Identify source of water entry and change the oil
Air leak at pneumatic manifold,Maintenance,O-ring degradation due to high ambient temperature,Replace O-rings with high-temperature-rated fluorocarbon material
Loose foundation bolts on a reciprocating compressor,Maintenance,Inadequate tightening during the last overhaul,Retighten bolts to the correct torque and use lock nuts
Chiller unit high pressure trip,Maintenance,Condenser coils dirty reducing heat transfer,Power wash condenser coils and check fan operation
Steam pipe hammering during startup,Maintenance,Condensate accumulation due to a blocked steam trap,Clear the steam trap and revise the startup SOP for manual draining
Lubricant discoloration in main gearbox,Maintenance,High operating temperature causing oil oxidation,Check the oil cooler and consider switching to a synthetic oil
Air compressor overheating after 2 hours,Maintenance,Cooling radiator fins clogged with industrial grime,Schedule bi-weekly radiator cleaning with compressed air
Emergency light battery failure,Maintenance,End of life for lead-acid battery after 3 years,Replace all emergency light batteries and schedule annual load tests
Steam leakage from a valve bonnet,Maintenance,Packing material dried out and shrunk,Tighten the packing nut or replace the valve packing
Loose foundation bolts on a reciprocating compressor,Maintenance,Inadequate tightening during the last overhaul,Retighten bolts to the correct torque and use lock nuts
Steam leakage from a valve bonnet,Maintenance,Packing material dried out and shrunk,Tighten the packing nut or replace the valve packing
Air filter pressure drop high,Maintenance,Filters reached end of life cycle,Replace air filters and install a differential pressure switch
Excessive noise from conveyor drive motor,Maintenance,Inadequate gear oil levels due to slow leak from oil seal,Replace motor oil seal and refill gear oil to specified level
Grease leakage from a motor bearing,Maintenance,Over-greasing causing the seal to pop out,Follow the manufacturer's grease volume guidelines
Clogged grease lines on an auto-lube system,Maintenance,Grease separated and hardened over time,Flush the lines and use a higher-quality synthetic grease
Loose foundation bolts on a reciprocating compressor,Maintenance,Inadequate tightening during the last overhaul,Retighten bolts to the correct torque and use lock nuts
Electric motor noise on compressor C-12,Maintenance,Lack of grease in the non-drive end bearing,Implement an ultrasonic-assisted lubrication program
Steam leakage from a turbine casing,Maintenance,Thermal distortion of the casing over time,Perform casing machining and use a high-temperature sealant
Oil leak from a hydraulic hose crimp,Maintenance,Hose was not fully inserted into the fitting before crimping,Replace the hose assembly with a properly crimped one
Valve stem leakage on a control valve,Maintenance,Worn-out stem packing due to high cycle count,Replace the packing and inspect the stem for scratches
Clogged grease lines on an auto-lube system,Maintenance,Grease separated and hardened over time,Flush the lines and use a higher-quality synthetic grease
Oil mist detected around generator enclosure,Maintenance,Clogged crankcase breather filter,Replace breather filter and inspect for piston ring wear
Clogged grease lines on an auto-lube system,Maintenance,Grease separated and hardened over time,Flush the lines and use a higher-quality synthetic grease
Loud grinding noise from conveyor pulley,Maintenance,Seized bearing caused by contamination with grit,Replace bearing and install a heavy-duty taconite seal
Clogged grease lines on an auto-lube system,Maintenance,Grease separated and hardened over time,Flush the lines and use a higher-quality synthetic grease
Oil leakage from a distribution transformer,Maintenance,Gasket failure on the high-voltage bushing,Replace bushing gaskets and top up the insulating oil
Lubricant foaming in gearbox,Maintenance,Water ingress into the oil system,Identify source of water entry and change the oil
Chiller unit high pressure trip,Maintenance,Condenser coils dirty reducing heat transfer,Power wash condenser coils and check fan operation
Valve stem leakage on a control valve,Maintenance,Worn-out stem packing due to high cycle count,Replace the packing and inspect the stem for scratches
Pump bearing failure due to lack of lubrication,Maintenance,Monthly lubrication schedule was missed for 3 cycles,Implement a digital maintenance logging system with automated reminders
Oil leakage from a distribution transformer,Maintenance,Gasket failure on the high-voltage bushing,Replace bushing gaskets and top up the insulating oil
Clogged grease lines on an auto-lube system,Maintenance,Grease separated and hardened over time,Flush the lines and use a higher-quality synthetic grease
Lubricant discoloration in main gearbox,Maintenance,High operating temperature causing oil oxidation,Check the oil cooler and consider switching to a synthetic oil
Grinding noise from ball mill trunnion,Maintenance,Lack of grease in the automatic lubrication system,Refill grease reservoir and check for blocked distribution lines
Corrosion on structural support of Tank B,Maintenance,Protective coating failure due to acidic environment,Sandblast support and apply high-performance epoxy coating
Excessive noise from conveyor drive motor,Maintenance,Inadequate gear oil levels due to slow leak from oil seal,Replace motor oil seal and refill gear oil to specified level
Air compressor overheating after 2 hours,Maintenance,Cooling radiator fins clogged with industrial grime,Schedule bi-weekly radiator cleaning with compressed air
Leaking gasket on a heat exchanger,Maintenance,Non-uniform tightening of the bolts,Replace the gasket and use a cross-pattern torquing sequence
Electric motor noise on compressor C-12,Maintenance,Lack of grease in the non-drive end bearing,Implement an ultrasonic-assisted lubrication program
Grease leakage from a motor bearing,Maintenance,Over-greasing causing the seal to pop out,Follow the manufacturer's grease volume guidelines
Telescopic chute stuck in retracted position,Mechanical,Limit switch failure due to vibration,Replace limit switch and install a vibration dampener
Slow response from pneumatic actuators,Mechanical,Internal seal leakage caused by dry instrument air,Install an inline lubricator and check air dryer performance
Pressure vessel safety valve weeping,Mechanical,Weakened spring tension due to age and cycles,Replace safety valve spring and recalibrate set point
Hydraulic oil contamination in Press Machine,Mechanical,Broken breather cap allowing airborne dust into the reservoir,Replace breather cap with a high-efficiency filter type
Bearing housing overheating,Mechanical,Excessive grease volume causing churning,Remove the grease relief plug and allow excess grease to escape
Pump impeller cavitation damage,Mechanical,Operating too far to the right of the pump curve,Install a flow orifice to maintain backpressure and limit flow
Centrifuge high vibration during ramp down,Mechanical,Out-of-balance condition caused by uneven cake distribution,Adjust wash cycle parameters and inspect discharge scraper
Main conveyor drive chain snapped under load,Mechanical,Fatigue failure of link pins due to over-tensioning,Replace chain and install a tension monitoring sensor
Main drive shaft shearing on mixer M-10,Mechanical,Torsional fatigue from repeated hard starts under full load,Install a soft starter for the motor and revise startup procedures
Fatigue crack in a centrifugal fan scroll,Mechanical,Acoustic resonance within the fan housing,Stiffen the housing with external ribs to change the resonant frequency
Coupling failure between motor and pump,Mechanical,Parallel misalignment between the two shafts,Perform laser alignment and replace the coupling insert
Boiler feed pump seal failure,Mechanical,Abrasive particles in the water supply causing seal face wear,Install a finer mesh strainer in the suction line
Main drive shaft shearing on mixer M-10,Mechanical,Torsional fatigue from repeated hard starts under full load,Install a soft starter for the motor and revise startup procedures
Valve actuator failing to reach full travel,Mechanical,Internal spring breakage due to corrosion from moist instrument air,Replace actuator spring and upgrade the instrument air dryer system
Fan blade imbalance on ID fan,Mechanical,Ash buildup on the blades from the flue gas,Install a sonic horn to reduce ash buildup on blades
Broken drive belt on cooling fan,Mechanical,Belt slippage caused by oil contamination,Clean the pulleys and replace the belt with an oil-resistant type
Centrifuge vibration high on startup,Mechanical,Uneven loading of solids in the bowl,Update SOP for material feeding and balance the centrifuge
Excessive noise from a centrifugal fan,Mechanical,Loose fan wheel on the shaft,Tighten the set screws and check the keyway for wear
Worn chain on a bucket elevator,Mechanical,Normal wear from handling abrasive materials,Replace the chain and install a dry film lubricant system
Conveyor belt snapping during peak production load,Mechanical,Belt tensioner misalignment accumulated over 6 months,Re-align tensioner system and integrate weekly alignment checks into shift handover
Hydraulic oil contamination in Press Machine,Mechanical,Broken breather cap allowing airborne dust into the reservoir,Replace breather cap with a high-efficiency filter type
Cracked housing on a small gearbox,Mechanical,Internal pressure buildup due to a blocked breather,Replace the gearbox and clean the breather vent
Cracked pulley on a belt drive,Mechanical,Inproper installation using a hammer instead of a puller,Replace the pulley and use the correct tools for installation
Broken teeth on a timing belt,Mechanical,Belt over-tightened during installation,Replace the belt and use a tension gauge for setting
Vibration in a cooling water pipe,Mechanical,Lack of proper pipe supports and bracing,Install additional pipe hangers and vibration dampeners
Broken motor mount on a small pump,Mechanical,Vibration-induced fatigue on the cast iron mount,Replace the mount and install vibration isolation pads
Broken teeth on a timing belt,Mechanical,Belt over-tightened during installation,Replace the belt and use a tension gauge for setting
Broken teeth on a plastic drive gear,Mechanical,Operation at temperatures exceeding the material's limit,Replace with a metal gear or improve the local cooling
Robot arm axis 2 motor overheating,Mechanical,Excessive payload beyond rated capacity,Optimize robot path and reduce payload to within specifications
Leakage detected at flange connection on Pipeline A,Mechanical,Gasket degraded after 5000 hours of continuous operation,Replace gasket with upgraded material and update maintenance cycle to 4000 hours
Sheared key on motor drive shaft,Mechanical,Shock loading during a mechanical jam,Replace the key and install a shear pin coupling for protection
High motor vibration at specific speeds,Mechanical,Resonance at the motor's natural frequency,Program a 'skip frequency' in the VFD to avoid that speed
Leaking mechanical seal on centrifugal pump,Mechanical,Dry running caused by temporary loss of suction head,Install a dry-run protection switch and verify suction line integrity
Valve actuator failing to reach full travel,Mechanical,Internal spring breakage due to corrosion from moist instrument air,Replace actuator spring and upgrade the instrument air dryer system
Cracked housing on a small gearbox,Mechanical,Internal pressure buildup due to a blocked breather,Replace the gearbox and clean the breather vent
Robot arm axis 2 motor overheating,Mechanical,Excessive payload beyond rated capacity,Optimize robot path and reduce payload to within specifications
Broken teeth on a plastic drive gear,Mechanical,Operation at temperatures exceeding the material's limit,Replace with a metal gear or improve the local cooling
Boiler feed pump seal failure,Mechanical,Abrasive particles in the water supply causing seal face wear,Install a finer mesh strainer in the suction line
Broken motor mount on a small pump,Mechanical,Vibration-induced fatigue on the cast iron mount,Replace the mount and install vibration isolation pads
Cracked weld on structural support,Mechanical,Vibration-induced fatigue from a nearby vibrating screen,Repair the weld and install vibration dampening pads
Excessive noise from a centrifugal fan,Mechanical,Loose fan wheel on the shaft,Tighten the set screws and check the keyway for wear
Loss of hydraulic pressure in primary press ram,Mechanical,Hydraulic hose ruptured after metal fatigue near the elbow fitting,Replace hose with reinforced type and install protective sleeve; add pressure drop alarm
Broken valve stem on a manual gate valve,Mechanical,Excessive force used to close a stuck valve,Replace the valve and implement a 'no-cheater-bar' policy
Telescopic chute stuck in retracted position,Mechanical,Limit switch failure due to vibration,Replace limit switch and install a vibration dampener
Cracked housing on a small gearbox,Mechanical,Internal pressure buildup due to a blocked breather,Replace the gearbox and clean the breather vent
Pump impeller cavitation damage,Mechanical,Operating too far to the right of the pump curve,Install a flow orifice to maintain backpressure and limit flow
Slow response from pneumatic actuators,Mechanical,Internal seal leakage caused by dry instrument air,Install an inline lubricator and check air dryer performance
Centrifuge high vibration during ramp down,Mechanical,Out-of-balance condition caused by uneven cake distribution,Adjust wash cycle parameters and inspect discharge scraper
Telescopic chute stuck in retracted position,Mechanical,Limit switch failure due to vibration,Replace limit switch and install a vibration dampener
Fatigue crack in a centrifugal fan scroll,Mechanical,Acoustic resonance within the fan housing,Stiffen the housing with external ribs to change the resonant frequency
Blower motor bearing seizing,Mechanical,Incorrect grease type used for high-temperature application,Use high-temperature synthetic grease for all blower bearings
Robot arm axis 2 motor overheating,Mechanical,Excessive payload beyond rated capacity,Optimize robot path and reduce payload to within specifications
Vibration in a cooling water pipe,Mechanical,Lack of proper pipe supports and bracing,Install additional pipe hangers and vibration dampeners
Vibration in a cooling water pipe,Mechanical,Lack of proper pipe supports and bracing,Install additional pipe hangers and vibration dampeners
Fatigue crack in a centrifugal fan scroll,Mechanical,Acoustic resonance within the fan housing,Stiffen the housing with external ribs to change the resonant frequency
Inconsistent pellet size in extruder,Process,Variations in die head temperature control,Repair die head heaters and tune the PID controller
Incorrect chemical concentration in a tank,Process,Failure of the concentration analyzer probe,Clean and recalibrate the analyzer probe or replace the membrane
Inconsistent flow from a control valve,Process,Valve plug eroded by high-velocity slurry,Replace the valve trim with a hardened material like Stellite
Incorrect chemical concentration in a tank,Process,Failure of the concentration analyzer probe,Clean and recalibrate the analyzer probe or replace the membrane
Inaccurate level reading in a foaming liquid,Process,Ultrasonic sensor reflected by foam instead of liquid,Switch to a guided wave radar sensor for better foam penetration
Inaccurate weight from a belt scale,Process,Material buildup on the weighing idler,Clean the idler and implement a daily inspection
Sudden drop in reactor pressure,Process,Rupture disk failed prematurely due to fatigue,Replace the rupture disk and investigate the pressure cycling
Filter cloth tearing in the belt press,Process,Excessive tension applied to the tracking rollers,Adjust the tracking sensor and reduce the pneumatic tension pressure
Loss of prime on suction-lift pump,Process,Small air leak in the suction pipe joint,Tighten all suction joints and apply a thread sealant
Cooling tower water high conductivity,Process,Faulty blowdown valve stuck in closed position,Repair blowdown valve and automate blowdown based on conductivity
Product contamination with metal shavings,Process,Internal wear of a rotary valve,Replace the rotary valve rotor and implement a magnetic separator
Boiler flameout during fuel transition,Process,Inconsistent fuel viscosity due to heater malfunction,Repair fuel pre-heater and monitor viscosity in real-time
Inconsistent pellet size in extruder,Process,Variations in die head temperature control,Repair die head heaters and tune the PID controller
Inaccurate pH readings in mixing tank 3,Process,Electrode coating buildup from chemical residue,Clean pH probe weekly and implement a monthly calibration protocol
Boiler flameout during fuel transition,Process,Inconsistent fuel viscosity due to heater malfunction,Repair fuel pre-heater and monitor viscosity in real-time
Excessive moisture in finished product,Process,Drier temperature dropping below the dew point setpoint,Inspect drier burners and recalibrate the moisture sensor
Catalyst activity loss in reactor,Process,Poisoning of catalyst by trace heavy metals,Install a pre-filter bed to capture contaminants
High iron content in the process water,Process,Internal corrosion of the carbon steel piping,Replace critical piping with stainless steel or add a corrosion inhibitor
Gas leak at compressor discharge,Process,Failure of the O-ring seal due to high temperature,Replace O-ring with a high-temperature Viton version
Boiler trip due to low water level false alarm,Process,Fouling on the level probe surfaces causing false conductivity,Clean level probes weekly and implement a redundant ultrasonic sensor
Slow response of temperature control loop,Process,PID parameters poorly tuned for the current production rate,Perform auto-tuning of the PID loop during a steady-state run
Boiler trip due to low water level false alarm,Process,Fouling on the level probe surfaces causing false conductivity,Clean level probes weekly and implement a redundant ultrasonic sensor
Inaccurate level reading in a foaming liquid,Process,Ultrasonic sensor reflected by foam instead of liquid,Switch to a guided wave radar sensor for better foam penetration
High iron content in the process water,Process,Internal corrosion of the carbon steel piping,Replace critical piping with stainless steel or add a corrosion inhibitor
Product contamination with metal shavings,Process,Internal wear of a rotary valve,Replace the rotary valve rotor and implement a magnetic separator
Product contamination with metal shavings,Process,Internal wear of a rotary valve,Replace the rotary valve rotor and implement a magnetic separator
Inaccurate chemical dosing in Batch B-22,Process,Peristaltic pump tube ruptured due to chemical fatigue,Implement a proactive tube replacement schedule based on hours
Catalyst bed pressure drop increasing,Process,Fine particles clogging the catalyst support screen,Perform a screen backflush and inspect the feed filter
Loss of vacuum in a condenser,Process,Air ingress through a leaking gland on the condensate pump,Repair the pump gland and perform a helium leak test on the condenser
Excessive moisture in finished product,Process,Drier temperature dropping below the dew point setpoint,Inspect drier burners and recalibrate the moisture sensor
Inaccurate level reading in a foaming liquid,Process,Ultrasonic sensor reflected by foam instead of liquid,Switch to a guided wave radar sensor for better foam penetration
Separator bowl unable to open,Process,Low operating water pressure for the hydraulic system,Check operating water pump and clean the inline filters
Loss of vacuum in a condenser,Process,Air ingress through a leaking gland on the condensate pump,Repair the pump gland and perform a helium leak test on the condenser
Boiler trip due to low water level false alarm,Process,Fouling on the level probe surfaces causing false conductivity,Clean level probes weekly and implement a redundant ultrasonic sensor
Filter press cloth blinding,Process,Inadequate wash cycle for the specific slurry type,Increase wash water pressure and extend wash duration
Catalyst bed pressure drop increasing,Process,Fine particles clogging the catalyst support screen,Perform a screen backflush and inspect the feed filter
Catalyst activity loss in reactor,Process,Poisoning of catalyst by trace heavy metals,Install a pre-filter bed to capture contaminants
Inconsistent product color from the mixer,Process,Mixing time too short for the specific pigment type,Increase the mixing time and verify the impeller speed
Catalyst activity loss in reactor,Process,Poisoning of catalyst by trace heavy metals,Install a pre-filter bed to capture contaminants
Inconsistent product color from the mixer,Process,Mixing time too short for the specific pigment type,Increase the mixing time and verify the impeller speed
Inaccurate gas flow measurement,Process,Liquid condensate trapping in the orifice plate impulse lines,Install condensate pots and slope the impulse lines correctly
Reactor temperature runaway during batch,Process,Cooling water valve stuck in the 10% open position,Repair the valve positioner and add a bypass cooling line
Loss of vacuum in a condenser,Process,Air ingress through a leaking gland on the condensate pump,Repair the pump gland and perform a helium leak test on the condenser
Pump failing to meet the required head,Process,Internal recirculation due to a worn wear ring,Replace the pump wear rings to restore efficiency
High iron content in the process water,Process,Internal corrosion of the carbon steel piping,Replace critical piping with stainless steel or add a corrosion inhibitor
Inaccurate gas flow measurement,Process,Liquid condensate trapping in the orifice plate impulse lines,Install condensate pots and slope the impulse lines correctly
Filter press cloth blinding,Process,Inadequate wash cycle for the specific slurry type,Increase wash water pressure and extend wash duration
Sudden drop in reactor pressure,Process,Rupture disk failed prematurely due to fatigue,Replace the rupture disk and investigate the pressure cycling
Inaccurate pH readings in mixing tank 3,Process,Electrode coating buildup from chemical residue,Clean pH probe weekly and implement a monthly calibration protocol
Inconsistent product weight from filling line,Process,Air bubbles in the feed line due to a faulty suction seal,Replace suction line gaskets and install an air eliminator
Incorrect chemical concentration in a tank,Process,Failure of the concentration analyzer probe,Clean and recalibrate the analyzer probe or replace the membrane
Boiler flameout during fuel transition,Process,Inconsistent fuel viscosity due to heater malfunction,Repair fuel pre-heater and monitor viscosity in real-time
Inconsistent flow from a control valve,Process,Valve plug eroded by high-velocity slurry,Replace the valve trim with a hardened material like Stellite
Inaccurate gas flow measurement,Process,Liquid condensate trapping in the orifice plate impulse lines,Install condensate pots and slope the impulse lines correctly
pH sensor reading drifting rapidly,Process,Reference electrode depletion due to high temperature,Replace the pH probe with a high-temperature-grade version
